[
    {
        "id": 1,
        "patient_id": 1,
        "physio_id": 4,
        "data": "2025-12-31",
        "ora": "15:08",
        "trattamento": "Dolore addominale",
        "stato": "annullato",
        "note_cliniche": "",
        "promemoria_inviato": false
    },
    {
        "id": 2,
        "patient_id": 1,
        "physio_id": 4,
        "data": "2025-12-24",
        "ora": "15:00",
        "trattamento": "Dolore cervicale",
        "stato": "completato",
        "note_cliniche": "",
        "promemoria_inviato": false
    },
    {
        "id": 3,
        "patient_id": 1,
        "physio_id": 4,
        "data": "2025-12-31",
        "ora": "15:08",
        "trattamento": "Dolore alla schiena",
        "stato": "completato",
        "note_cliniche": "Trattare molto delicatamente per via dell'et\u00c3\u00a0 del paziente",
        "promemoria_inviato": false
    },
    {
        "id": 4,
        "patient_id": 1,
        "physio_id": 4,
        "data": "2025-12-20",
        "ora": "16:00",
        "trattamento": "Dolore cervicale",
        "stato": "completato",
        "note_cliniche": "",
        "promemoria_inviato": false
    },
    {
        "id": 5,
        "patient_id": 1,
        "physio_id": 4,
        "data": "2025-12-18",
        "ora": "15:00",
        "trattamento": "Dolore cervicale",
        "stato": "completato",
        "note_cliniche": "",
        "promemoria_inviato": true
    },
    {
        "id": 6,
        "patient_id": 3,
        "physio_id": 4,
        "data": "2025-10-18",
        "ora": "15:00",
        "trattamento": "Dolore cervicale",
        "stato": "programmato",
        "note_cliniche": "",
        "promemoria_inviato": false
    },
    {
        "id": 7,
        "patient_id": 3,
        "physio_id": 4,
        "data": "2025-10-16",
        "ora": "15:00",
        "trattamento": "Dolore cervicale",
        "stato": "programmato",
        "note_cliniche": "",
        "promemoria_inviato": false
    },
    {
        "id": 8,
        "patient_id": 4,
        "physio_id": 4,
        "data": "2025-09-18",
        "ora": "15:00",
        "trattamento": "Dolore cervicale",
        "stato": "programmato",
        "note_cliniche": "",
        "promemoria_inviato": false
    },
    {
        "id": 9,
        "patient_id": 5,
        "physio_id": 4,
        "data": "2025-09-10",
        "ora": "15:00",
        "trattamento": "Preparazione pre-stagionale",
        "stato": "programmato",
        "note_cliniche": "",
        "promemoria_inviato": false
    },
    {
        "id": 10,
        "patient_id": 4,
        "physio_id": 1,
        "data": "2025-04-04",
        "ora": "12:43",
        "trattamento": "Dolore cervicale",
        "stato": "completato",
        "note_cliniche": "",
        "promemoria_inviato": true
    }
]