[
    {
        "id": 1,
        "appointment_id": 3,
        "data_emissione": "2025-07-16",
        "importo": 25.0,
        "stato_pagamento": "pagata",
        "promemoria_inviato": true
    },
    {
        "id": 2,
        "appointment_id": 4,
        "data_emissione": "2025-07-16",
        "importo": 40.0,
        "stato_pagamento": "pagata",
        "promemoria_inviato": false
    },
    {
        "id": 3,
        "appointment_id": 4,
        "data_emissione": "2025-07-18",
        "importo": 45.0,
        "stato_pagamento": "pagata",
        "promemoria_inviato": true
    },
    {
        "id": 4,
        "appointment_id": 10,
        "data_emissione": "2025-07-18",
        "importo": 50.0,
        "stato_pagamento": "pagata",
        "promemoria_inviato": false
    }
]