[
    {
        "id": 1,
        "owner_id": 1,
        "nome": "Nome",
        "cognome": "Cognome",
        "codice_fiscale": "CGNMNM1234",
        "email": "nome.cognome@test.it",
        "telefono": "",
        "note": ""
    },
    {
        "id": 2,
        "owner_id": 1,
        "nome": "Simone",
        "cognome": "Marcucci",
        "codice_fiscale": "MRCSMN1234",
        "email": "m.simone@admin.com",
        "telefono": "",
        "note": ""
    },
    {
        "id": 3,
        "owner_id": 1,
        "nome": "Alberto",
        "cognome": "Nalli",
        "codice_fiscale": "NLLLRT1234",
        "email": "n.alberto@admin.com",
        "telefono": "",
        "note": ""
    },
    {
        "id": 4,
        "owner_id": 1,
        "nome": "Nicolas",
        "cognome": "Di Tizio",
        "codice_fiscale": "DTZNCLS1234",
        "email": "dt.nicolas@admin.com",
        "telefono": "",
        "note": ""
    },
    {
        "id": 5,
        "owner_id": 1,
        "nome": "Andrea",
        "cognome": "Cocco",
        "codice_fiscale": "CCCNDR1234",
        "email": "c.andrea@admin.com",
        "telefono": "",
        "note": ""
    }
]