[
    {
        "id": 1,
        "patient_id": 2,
        "descrizione": "Mobilizzazione articolare",
        "completato": true
    },
    {
        "id": 2,
        "patient_id": 3,
        "descrizione": "Manipolazione vertebrale",
        "completato": true
    },
    {
        "id": 3,
        "patient_id": 4,
        "descrizione": "Massaggio terapeutico",
        "completato": true
    },
    {
        "id": 4,
        "patient_id": 5,
        "descrizione": "Mobilizzazione dei tessuti molli",
        "completato": false
    },
    {
        "id": 5,
        "patient_id": 4,
        "descrizione": "male al braccio",
        "completato": true
    }
]