[
    {
        "id": 1,
        "nome": "Admin",
        "email": "admin@test.com",
        "password": "$2b$12$dPtGZWedA93nByszvkQKZOpfUaQHSYj79MovIYDe8ZGLWCSu6N9vK",
        "ruolo": "amministratore"
    },
    {
        "id": 2,
        "nome": "Davide Traini",
        "email": "fisio@test.com",
        "password": "$2b$12$QGnnZnSkW8KI4hWtZD4Bl.mHO9zaSabr8GekVocZtecBJZH1mh712",
        "ruolo": "fisioterapista"
    },
    {
        "id": 3,
        "nome": "Simone Marcucci",
        "email": "m.simone@admin.com",
        "password": "$2b$12$ddqhm79nOjyCRDFoL5TCvegCJQdhhAnrU8EO.w3TacLSFZ/ACckya",
        "ruolo": "amministratore"
    },
    {
        "id": 4,
        "nome": "Alberto Nalli",
        "email": "n.alberto@admin.com",
        "password": "$2b$12$OL9t9rGO3J/1cyQ3D6EIPuDvBkUYk6Yne4OTspzQ7q/3KsaW4NaxC",
        "ruolo": "amministratore"
    },
    {
        "id": 5,
        "nome": "Nicolas Di Tizio",
        "email": "dt.nicolas@admin.com",
        "password": "$2b$12$ulpn3k9F4NpMNGZzZ9SCJ.TIi9XSIW8TZ5EulAvnvCjloGN8l7tVy",
        "ruolo": "amministratore"
    },
    {
        "id": 6,
        "nome": "Andrea Cocco",
        "email": "c.andrea@admin.com",
        "password": "$2b$12$DZdix7McDLsdqu8yS0oHReHI5V/IqtVzwa265/rwOtnJIKwI6Artq",
        "ruolo": "amministratore"
    }
]